chain,AA,pos,phi,psi
A,Pro,5,-92.926842,12.941312
A,Gly,6,65.796807,-162.229709
A,Val,7,-81.132082,121.413022
A,Val,8,-85.523806,137.173724
A,Ile,9,-124.988754,85.242472
A,Ser,10,-43.117225,147.113709
A,Asp,11,-48.307914,-29.941388
A,Asp,12,-88.163884,-2.348568
A,Glu,13,-52.848368,130.047635
A,Pro,14,-93.401285,-4.973523
A,Gly,15,79.016379,-136.703332
A,Tyr,16,-149.379667,150.690005
A,Asp,17,-84.794375,150.756889
A,Leu,18,-46.264737,-29.649393
A,Asp,19,-58.901768,-26.972524
A,Leu,20,-93.043268,-13.652711
A,Phe,21,-121.01482,177.666542
A,Cys,22,-90.337769,123.351042
A,Ile,23,-137.239921,150.008304
A,Pro,24,-60.846341,141.250648
A,Asn,25,-68.939998,-27.078768
A,His,26,-71.256636,-5.869585
A,Tyr,27,-124.066088,13.093834
A,Ala,28,-79.543478,22.760207
A,Glu,29,-145.147333,-13.785012
A,Asp,30,-95.382956,4.019103
A,Leu,31,-129.20364,149.610512
A,Glu,32,-90.420484,-47.843239
A,Arg,33,-162.690692,160.590593
A,Val,34,-75.672377,128.314863
A,Phe,35,-96.182611,-51.708083
A,Ile,36,-144.617632,108.25721
A,Pro,37,-68.623235,144.702789
A,His,38,-35.550444,-64.336294
A,Gly,39,-54.122543,-38.858768
A,Leu,40,-57.350038,-49.095325
A,Ile,41,-48.483298,-63.46084
A,Met,42,-38.667555,-55.324553
A,Asp,43,-62.058306,-37.4339
A,Arg,44,-66.933577,-47.138195
A,Thr,45,-55.668295,-36.416786
A,Glu,46,-63.041542,-44.386373
A,Arg,47,-53.56942,-57.365606
A,Leu,48,-44.654567,-49.446881
A,Ala,49,-51.288005,-42.536935
A,Arg,50,-66.599429,-39.515455
A,Asp,51,-63.876955,-48.013967
A,Val,52,-56.5006,-52.923067
A,Met,53,-62.392503,-18.615769
A,Lys,54,-56.190036,-46.583396
A,Glu,55,-86.420869,-51.809997
A,Met,56,-88.193722,-25.173352
A,Gly,57,-56.434776,151.516345
A,Gly,58,85.663037,9.247443
A,His,59,-139.149142,162.012845
A,His,60,-65.447586,110.44577
A,Ile,61,-101.248047,138.35502
A,Val,62,-105.463123,112.702024
A,Ala,63,-93.699976,115.618305
A,Leu,64,-108.382671,131.589843
A,Cys,65,-109.961479,130.627636
A,Val,66,-93.995417,109.567964
A,Leu,67,-93.722019,67.409109
A,Lys,68,-65.621999,-102.574218
A,Gly,69,-109.143741,11.702525
A,Gly,70,-170.145355,178.494853
A,Tyr,71,-125.118391,-30.991051
A,Lys,72,-36.991754,-53.955253
A,Phe,73,-62.263078,-46.940887
A,Phe,74,-50.462824,-58.232078
A,Ala,75,-51.094951,-52.567425
A,Asp,76,-56.826785,-50.748631
A,Leu,77,-55.141825,-51.025015
A,Leu,78,-54.010376,-32.776752
A,Asp,79,-64.258897,-33.376645
A,Tyr,80,-73.241473,-38.251293
A,Ile,81,-67.121202,-50.609131
A,Lys,82,-47.173915,-56.482199
A,Ala,83,-49.341938,-24.223393
A,Leu,84,-90.530297,-27.370248
A,Asn,85,-79.040553,3.065066
A,Arg,86,-72.143402,-34.644781
A,Asn,87,-78.168283,-5.833295
A,Ser,88,-70.689666,142.189642
A,Asp,89,-76.505886,5.54207
A,Arg,90,-146.458103,129.519381
A,Ser,91,-75.889689,129.110421
A,Ile,92,-120.198467,134.742325
A,Pro,93,-69.194513,166.399351
A,Met,94,-140.501415,142.796376
A,Thr,95,-122.490067,137.600965
A,Val,96,-116.748909,133.193696
A,Asp,97,-140.158198,162.674491
A,Phe,98,-130.545172,125.271889
A,Ile,99,-130.925182,119.558445
A,Arg,100,-94.185915,133.303362
A,Leu,101,-132.641849,-26.307085
A,Lys,102,-45.387767,84.482204
A,Ser,103,-76.442653,-136.662968
A,Tyr,104,-96.916682,-84.580221
A,Cys,105,-97.661249,-94.769739
A,Asn,106,-149.356276,-57.823176
A,Asp,107,31.558377,48.361332
A,Gln,108,49.388036,176.349599
A,Ser,109,132.238189,152.283276
A,Thr,110,-111.337439,165.80103
A,Gly,111,23.786366,-52.570408
A,Asp,112,-41.826458,-70.913304
A,Ile,113,-137.585189,101.019842
A,Lys,114,-178.451353,-88.157422
A,Val,115,-72.780062,-37.920208
A,Ile,116,-87.270657,13.248048
A,Gly,117,-106.755579,22.092137
A,Gly,118,-115.524989,-17.593558
A,Asp,119,-58.189304,-45.568709
A,Asp,120,-86.587574,7.147522
A,Leu,121,-96.295426,-15.121528
A,Ser,122,-75.892535,-12.030581
A,Thr,123,-50.804659,-42.834151
A,Leu,124,-91.036553,128.031135
A,Thr,125,161.142941,118.329029
A,Gly,126,61.599383,14.708826
A,Lys,127,-95.453383,166.499367
A,Asn,128,-107.522786,114.00289
A,Val,129,-103.164677,147.13768
A,Leu,130,-134.301055,113.343313
A,Ile,131,-98.886903,126.155841
A,Val,132,-112.519999,132.265441
A,Glu,133,-128.021051,163.584003
A,Asp,134,-94.191809,-51.25406
A,Ile,135,-144.446191,128.618974
A,Ile,136,-101.476788,127.307803
A,Asp,137,-109.623619,-89.063768
A,Thr,138,-72.493549,-35.218019
A,Gly,139,95.283715,6.490617
A,Lys,140,-64.016045,-53.48446
A,Thr,141,-48.629502,-49.116935
A,Met,142,-56.611995,-48.348147
A,Gln,143,-59.609994,-37.95595
A,Thr,144,-72.688409,-16.19209
A,Leu,145,-88.81809,-41.521329
A,Leu,146,-52.589028,-45.725024
A,Ser,147,-54.560783,-67.438228
A,Leu,148,-46.058325,-49.006999
A,Val,149,-67.456193,-50.779661
A,Arg,150,-51.723397,-21.982196
A,Gln,151,-61.019846,-56.456345
A,Tyr,152,-47.133675,8.328636
A,Asn,153,48.855174,78.445529
A,Pro,154,-95.975999,157.608089
A,Lys,155,-70.494878,-30.515745
A,Met,156,-174.066988,130.123769
A,Val,157,-110.094129,136.539358
A,Lys,158,-148.406892,135.393153
A,Val,159,-113.164345,142.067663
A,Ala,160,-127.816501,114.465476
A,Ser,161,-108.465842,147.652399
A,Leu,162,-82.168658,-43.500576
A,Leu,163,-135.556437,157.172994
A,Val,164,-150.324081,121.766813
A,Lys,165,-83.282215,140.349952
A,Arg,166,-85.898083,117.714651
A,Thr,167,-152.307727,154.710243
A,Pro,168,-79.47461,-16.740339
A,Arg,169,-85.414693,12.77789
A,Ser,170,-94.745214,133.615473
A,Val,171,-67.319105,2.953148
A,Gly,172,68.701011,24.583907
A,Tyr,173,-74.91426,142.985349
A,Lys,174,-131.81905,118.729918
A,Pro,175,-53.364732,-178.516948
A,Asp,176,-92.514252,-35.592026
A,Phe,177,-127.064231,116.52558
A,Val,178,-108.387077,133.346067
A,Gly,179,-75.439348,-53.403879
A,Phe,180,-152.20646,143.115227
A,Glu,181,-104.643665,120.792903
A,Ile,182,-118.845605,177.119835
A,Pro,183,-83.471812,159.16113
A,Asp,184,-58.226489,59.552652
A,Lys,185,-113.248105,154.031779
A,Phe,186,-92.845255,112.586304
A,Val,187,-114.463793,162.257456
A,Val,188,-147.26059,160.321622
A,Gly,189,103.262031,159.510235
A,Tyr,190,75.268806,-81.451517
A,Ala,191,-110.77662,-26.686356
A,Leu,192,-95.335931,131.540113
A,Asp,193,-113.708061,165.484942
A,Tyr,194,-132.919678,101.379018
A,Asn,195,54.983959,44.093229
A,Glu,196,66.42358,14.956106
A,Tyr,197,-105.272126,162.617247
A,Phe,198,74.065805,4.160704
A,Arg,199,-56.354127,-35.750892
A,Asp,200,-94.546065,-1.61727
A,Leu,201,-83.032638,129.321386
A,Asn,202,-94.048806,-28.109594
A,His,203,-90.022556,152.518784
A,Val,204,-89.340669,133.951612
A,Cys,205,-140.892485,175.329031
A,Val,206,-98.0103,129.730535
A,Ile,207,-73.3046,164.947156
A,Ser,208,-104.772573,168.975229
A,Glu,209,-66.071792,-43.696124
A,Thr,210,-56.987363,-64.056909
A,Gly,211,-60.657424,-29.319241
A,Lys,212,-73.982993,-39.84915
A,Ala,213,-82.596668,-16.817859
A,Lys,214,-90.241313,-22.358748
A,Tyr,215,-101.533289,83.458671
A,Lys,216,-128.22371,-178.038839
B,Pro,5,-66.498746,-11.169108
B,Gly,6,81.683723,-164.401138
B,Val,7,-85.909694,108.990135
B,Val,8,-80.306957,130.072275
B,Ile,9,-110.258616,127.448839
B,Ser,10,-77.376964,156.611043
B,Asp,11,-60.967241,-28.384586
B,Asp,12,-97.256954,13.835243
B,Glu,13,-63.846334,129.445312
B,Pro,14,-87.816695,-21.855571
B,Gly,15,71.338066,-155.176242
B,Tyr,16,-118.509783,156.439437
B,Asp,17,-59.266169,144.953827
B,Leu,18,-59.716498,-14.009251
B,Asp,19,-88.344453,-10.12011
B,Leu,20,-75.561415,-15.562244
B,Phe,21,-136.625782,-171.537056
B,Cys,22,-96.599629,114.207655
B,Ile,23,-126.040964,134.303891
B,Pro,24,-57.841958,125.183064
B,Asn,25,-54.817039,-20.520348
B,His,26,-74.768067,-11.321092
B,Tyr,27,-110.669331,14.928251
B,Ala,28,-70.99865,-10.103832
B,Glu,29,-117.609653,-10.018394
B,Asp,30,-89.021337,-22.562602
B,Leu,31,-108.061591,147.022265
B,Glu,32,-102.39184,-42.530179
B,Arg,33,-155.938204,154.877092
B,Val,34,-84.244193,133.929347
B,Phe,35,-110.709411,-44.250692
B,Ile,36,-133.492349,98.830801
B,Pro,37,-64.382343,146.049005
B,His,38,-43.349741,-49.442469
B,Gly,39,-69.085052,-32.708979
B,Leu,40,-62.669146,-36.310372
B,Ile,41,-68.057476,-49.123646
B,Met,42,-49.5851,-58.490234
B,Asp,43,-65.729909,-44.56308
B,Arg,44,-58.062298,-33.394984
B,Thr,45,-73.08112,-31.021851
B,Glu,46,-59.843613,-45.939255
B,Arg,47,-68.1446,-38.17824
B,Leu,48,-52.127972,-51.219695
B,Ala,49,-46.451448,-49.698296
B,Arg,50,-57.044164,-55.28398
B,Asp,51,-58.862445,-30.167435
B,Val,52,-63.00935,-54.213716
B,Met,53,-62.214299,-33.330755
B,Lys,54,-48.539859,-51.035635
B,Glu,55,-97.960927,1.047696
B,Met,56,-129.016478,-7.979308
B,Gly,57,-66.916486,165.032486
B,Gly,58,101.40772,-39.933464
B,His,59,-129.485027,157.363602
B,His,60,-46.710693,137.072906
B,Ile,61,-135.564454,159.536303
B,Val,62,-118.443905,102.426862
B,Ala,63,-88.775595,115.607338
B,Leu,64,-113.79195,138.112638
B,Cys,65,-101.39151,129.171193
B,Val,66,-67.51452,138.675518
B,Leu,67,-72.233386,12.106124
B,Lys,68,-27.94123,-45.596518
B,Gly,69,107.483152,32.89963
B,Gly,70,-131.432124,56.79357
B,Tyr,71,-52.389175,-27.442545
B,Lys,72,-50.904394,-50.064434
B,Phe,73,-70.374305,-38.586261
B,Phe,74,-57.952131,-42.205129
B,Ala,75,-65.004247,-62.894404
B,Asp,76,-48.299169,-32.652139
B,Leu,77,-80.311258,-33.456567
B,Leu,78,-69.180297,-35.158014
B,Asp,79,-58.997479,-36.392056
B,Tyr,80,-82.60484,-37.54566
B,Ile,81,-63.044193,-31.987752
B,Lys,82,-66.737381,-39.475043
B,Ala,83,-70.395063,-16.029735
B,Leu,84,-83.433038,-30.840713
B,Asn,85,-70.366069,-26.011577
B,Arg,86,-64.194926,-41.323395
B,Asn,87,-60.712671,-12.442283
B,Ser,88,-60.26062,149.99315
B,Asp,89,-85.511781,-34.498231
B,Arg,90,-113.417268,149.902936
B,Ser,91,-72.224525,144.889994
B,Ile,92,-138.503031,116.679259
B,Pro,93,-64.782103,161.856184
B,Met,94,-158.410528,140.210288
B,Thr,95,-119.723578,145.306121
B,Val,96,-118.402068,142.182083
B,Asp,97,-172.251504,161.359078
B,Phe,98,-105.561554,146.640685
B,Ile,99,-99.388541,111.192209
B,Arg,100,-74.239168,114.556741
B,Leu,101,111.546305,142.702304
B,Lys,102,-169.873485,62.635215
B,Ser,103,104.607826,40.542085
B,Tyr,104,-58.386591,-83.047267
B,Ser,109,-177.209649,-176.247547
B,Thr,110,80.108554,-115.827689
B,Gly,111,-67.836748,6.169893
B,Asp,112,-90.689161,3.181262
B,Ile,113,-124.111695,-42.090845
B,Lys,114,-54.1281,-20.700348
B,Val,115,-142.257329,-79.518545
B,Ile,116,-43.046971,-50.193857
B,Gly,117,-95.88951,1.919425
B,Gly,118,-86.208754,5.175914
B,Asp,119,-79.213318,17.884377
B,Asp,120,-98.54305,-0.948883
B,Ser,122,-68.436855,-23.631555
B,Thr,123,-74.033753,-16.189786
B,Leu,124,-94.569309,-24.182604
B,Thr,125,-46.96931,122.609386
B,Gly,126,86.264772,-17.154791
B,Lys,127,-94.632628,159.454945
B,Asn,128,-90.800705,116.203515
B,Val,129,-106.127364,143.199729
B,Leu,130,-131.701685,117.244816
B,Ile,131,-101.354882,139.254657
B,Val,132,-124.46854,112.518715
B,Glu,133,-115.676208,159.222033
B,Asp,134,-91.404946,-57.859688
B,Ile,135,-126.505579,139.307412
B,Ile,136,-107.608486,134.026833
B,Asp,137,-112.626051,-90.522587
B,Thr,138,-82.787976,-15.736129
B,Gly,139,87.747821,-15.588814
B,Lys,140,-41.136359,-58.866997
B,Thr,141,-46.445276,-49.36403
B,Met,142,-71.100148,-46.9
B,Gln,143,-61.510003,-40.463119
B,Thr,144,-71.266607,-15.13421
B,Leu,145,-84.534649,-29.339089
B,Leu,146,-74.473227,-34.329979
B,Ser,147,-47.184187,-54.980242
B,Leu,148,-75.088876,-32.671434
B,Val,149,-69.438722,-27.563758
B,Arg,150,-60.715848,-46.156988
B,Gln,151,-51.222591,-23.83775
B,Tyr,152,-81.671235,-4.413482
B,Asn,153,55.430044,51.772557
B,Pro,154,-63.281473,155.816407
B,Lys,155,-71.338768,-22.462159
B,Met,156,-178.946249,146.242071
B,Val,157,-141.356919,116.67949
B,Lys,158,-108.774018,160.065681
B,Val,159,-136.613633,106.683031
B,Ala,160,-95.315204,140.511208
B,Ser,161,-140.204752,149.070617
B,Leu,162,-81.756456,-37.914974
B,Leu,163,-132.19951,141.263921
B,Val,164,-131.103964,94.11214
B,Lys,165,-62.067397,136.84146
B,Arg,166,-97.800172,106.348816
B,Thr,167,-128.183544,148.523876
B,Pro,168,-65.521331,-22.277504
B,Arg,169,-83.604783,9.558085
B,Ser,170,-61.700811,144.720189
B,Val,171,-105.395054,30.204123
B,Gly,172,79.227264,-4.129135
B,Tyr,173,-70.000964,129.905752
B,Lys,174,-130.482861,101.526855
B,Pro,175,-59.366064,162.615284
B,Asp,176,-78.886358,-26.224035
B,Phe,177,-126.725663,120.100667
B,Val,178,-120.321794,132.288643
B,Gly,179,-83.670555,-52.84541
B,Phe,180,-143.913604,145.795976
B,Glu,181,-115.913874,124.174279
B,Ile,182,-115.730308,162.728272
B,Pro,183,-66.297972,169.530033
B,Asp,184,-83.09738,92.778864
B,Lys,185,-137.972358,165.732155
B,Phe,186,-97.822992,105.605847
B,Val,187,-102.369888,154.745548
B,Val,188,-139.808991,169.169538
B,Gly,189,103.866346,163.277791
B,Tyr,190,60.033128,-96.601915
B,Ala,191,-122.02055,11.825968
B,Leu,192,-108.228417,139.325291
B,Asp,193,-128.157296,178.871048
B,Tyr,194,-144.102726,107.398193
B,Asn,195,54.701232,33.629453
B,Glu,196,81.359738,3.105571
B,Tyr,197,-104.648757,160.274489
B,Phe,198,79.309546,16.350268
B,Arg,199,-73.928789,-21.963342
B,Asp,200,-94.53496,8.191052
B,Leu,201,-109.081103,121.347025
B,Asn,202,-106.533709,10.410856
B,His,203,-105.312709,146.115841
B,Val,204,-82.172016,115.686155
B,Cys,205,-124.014608,166.947781
B,Val,206,-94.431137,141.447726
B,Ile,207,-89.961827,155.00782
B,Ser,208,-95.348761,156.259405
B,Glu,209,-50.587941,-39.537886
B,Thr,210,-66.539,-47.995352
B,Gly,211,-55.161401,-51.899098
B,Lys,212,-58.44308,-19.052723
B,Ala,213,-76.912505,-63.602514
B,Lys,214,-65.047072,-19.101878
B,Tyr,215,-101.021965,114.906661
B,Lys,216,-168.783005,-116.244225
